date,min,max,median,q1,q3,stdev,count
2023-10-10T00:00:00.000Z,0.1,15.07,1.5,0.75,5.72,3.425,287
2023-10-09T00:00:00.000Z,0.1,27.92,1.37,0.6,3,3.094,539
2023-10-08T00:00:00.000Z,0.2,36,1.1,0.4,3.72,5.403,543
2023-10-07T00:00:00.000Z,1.02,40.63,4.63,3.54,6.79,6.433,540
2023-10-06T00:00:00.000Z,2.1,12.93,5,3.9,5.93,2.315,495
2023-09-13T00:00:00.000Z,0.38,23.35,1.78,0.8,5.69,3.343,344
2023-09-12T00:00:00.000Z,0.2,18.38,1.23,0.6,3.8,2.658,554
2023-09-11T00:00:00.000Z,0.6,15.57,2.4,1.3,5.95,3.173,558
2023-09-10T00:00:00.000Z,0.85,12.65,2.9,1.98,4.4,2.035,554
2023-09-09T00:00:00.000Z,0.5,93.5,3.03,2.13,6.22,15.766,551
2023-09-08T00:00:00.000Z,0.2,10.25,0.8,0.45,1.4,1.857,565
2023-09-07T00:00:00.000Z,0.2,26.9,5.5,0.63,9.98,6.399,567
2023-09-06T00:00:00.000Z,1.6,16.85,6.68,4,9.6,3.953,554
2023-09-05T00:00:00.000Z,0.93,6.05,3.47,2.5,4.65,1.294,558
2023-09-04T00:00:00.000Z,0.68,10.3,2.7,1.95,3.7,2.057,556
2023-09-03T00:00:00.000Z,1,20.8,4.59,2.64,8.14,3.748,556
2023-09-02T00:00:00.000Z,0.3,36.95,2.29,1.54,4.5,5.064,553
2023-09-01T00:00:00.000Z,0.05,16,1.67,0.4,4.38,2.492,549
2023-08-31T00:00:00.000Z,0.3,10.43,1.85,0.9,2.88,1.657,559
2023-08-30T00:00:00.000Z,2.7,40.97,7.46,5.28,10.6,5.14,558
2023-08-29T00:00:00.000Z,1.2,11.8,4.4,3.1,6.6,2.742,552
2023-08-28T00:00:00.000Z,0.2,16.8,3.28,2.6,5.39,2.621,561
2023-08-27T00:00:00.000Z,0.8,39.35,3.4,1.8,6.25,5.795,550
2023-08-26T00:00:00.000Z,0.4,15.13,4.3,2.47,6.09,2.475,556
2023-08-25T00:00:00.000Z,0.22,8.27,0.7,0.5,1.33,1.657,554
2023-08-24T00:00:00.000Z,0.32,9.35,1,0.7,1.8,1.79,561
2023-08-23T00:00:00.000Z,0.3,12.57,0.85,0.6,2.58,2.386,566
2023-08-22T00:00:00.000Z,0.6,52.53,4.59,1.5,5.7,5.748,558
2023-08-21T00:00:00.000Z,0.45,11.45,3.5,1.1,4.34,2.829,535
2023-08-20T00:00:00.000Z,0.2,25.8,2.44,1.88,3.4,3.075,546
2023-08-19T00:00:00.000Z,0.4,14.55,2.78,0.85,4.84,3.309,445
2023-08-17T00:00:00.000Z,3.33,7.28,5.13,4.24,6.55,1.238,33
2023-08-16T00:00:00.000Z,1.8,8.02,3.45,2.94,4.28,1.365,525
2023-08-15T00:00:00.000Z,1.3,6.47,2.5,2.12,2.99,0.822,556
2023-08-14T00:00:00.000Z,1.63,7.95,3.65,2.75,4.95,1.63,558
2023-08-13T00:00:00.000Z,1.5,36.13,3.49,2.65,4.57,3.003,556
2023-08-12T00:00:00.000Z,1.33,10.13,2.85,2.08,4.98,2.049,552
2023-08-11T00:00:00.000Z,0.9,73.93,3.53,2.2,6.38,8.699,541
2023-08-10T00:00:00.000Z,1.25,11.4,3.1,2.58,6.23,2.604,537
2023-08-09T00:00:00.000Z,1.52,14.63,3.3,2.45,7.3,3.113,538
2023-08-08T00:00:00.000Z,2.15,19.14,3.9,2.97,5.71,2.46,504
2023-08-07T00:00:00.000Z,2.17,11.85,4.2,3.17,7.88,2.527,501
2023-08-06T00:00:00.000Z,2.6,37.28,4.46,3.6,6.53,4.761,502
2023-08-05T00:00:00.000Z,2.45,17.67,5.21,4.37,7.55,3.556,492
2023-08-04T00:00:00.000Z,2.5,12.02,5.65,4.78,7.45,1.902,503
2023-08-03T00:00:00.000Z,2.17,25.45,4.53,3.53,6.39,3.404,485
2023-08-02T00:00:00.000Z,2.47,27.33,5.94,3.92,10.48,4.497,490
2023-08-01T00:00:00.000Z,2.25,53.92,7.13,3.92,10.87,10.177,501
2023-07-31T00:00:00.000Z,2.1,32.47,4.57,3.28,6.06,2.796,493
2023-07-30T00:00:00.000Z,2.97,28.9,5.95,5.28,7,2.811,515
2023-07-29T00:00:00.000Z,1.7,8.68,3.05,2.7,4.34,1.307,535
2023-07-28T00:00:00.000Z,0.82,15.1,4.5,3.17,7.9,3.586,534
2023-07-27T00:00:00.000Z,1.77,17.55,4.8,3.35,5.9,1.98,540
2023-07-26T00:00:00.000Z,2.2,11.8,5.18,3.96,6.43,1.781,528
2023-07-25T00:00:00.000Z,2.29,12.13,4.38,3.55,5.57,1.704,541
2023-07-24T00:00:00.000Z,1.58,10.77,3.3,2.75,4.18,1.332,539
2023-07-23T00:00:00.000Z,0.93,8.69,2.9,2.4,3.8,1.53,534
2023-07-22T00:00:00.000Z,0.63,17.02,4.03,2.29,8.05,3.676,540
2023-07-21T00:00:00.000Z,1.27,14.4,5.72,3.14,7.38,3.455,544
2023-07-20T00:00:00.000Z,1.52,41.55,4.15,3.19,6.7,3.906,517
2023-07-19T00:00:00.000Z,2,8.07,3.08,2.67,3.8,1.087,427
2023-07-18T00:00:00.000Z,0.95,10.77,2.29,1.6,3.58,1.596,549
2023-07-17T00:00:00.000Z,0.6,7.78,1.99,1.12,2.75,1.274,354
2023-07-16T00:00:00.000Z,1,62.3,3.45,2.29,5.15,5.971,544
2023-07-15T00:00:00.000Z,1.7,23.38,5.09,3.29,9.41,5.621,545
2023-07-14T00:00:00.000Z,1.45,23.17,4.87,3.2,7.64,4.03,516
2023-07-13T00:00:00.000Z,0.8,16.82,3.84,2.42,5.28,2.575,510
2023-07-12T00:00:00.000Z,1.45,23.65,6.8,4.9,11.39,4.236,525
2023-07-11T00:00:00.000Z,1.02,35.85,3.78,2.4,7.3,4.641,518
2023-07-10T00:00:00.000Z,2.92,95.2,5.97,4.15,13.19,18.23,345
2023-07-09T00:00:00.000Z,0.9,28.3,4.34,2.7,7.22,5.623,351
2023-07-08T00:00:00.000Z,1.02,76.65,2.85,2.13,5.2,11.684,331
2023-07-07T00:00:00.000Z,0.4,24.43,3.33,0.93,8.28,5.376,497
2023-07-06T00:00:00.000Z,3.9,19.07,7.65,5.5,8.52,3.123,263
2023-07-05T00:00:00.000Z,1.85,24.42,5.49,3.96,7.18,4.091,512
2023-07-04T00:00:00.000Z,2.17,10.32,4.03,3.33,6.75,2.067,396
2023-07-03T00:00:00.000Z,1.3,19.77,2.91,2.04,4.75,3.647,528
2023-07-02T00:00:00.000Z,1.5,230.45,4.8,3.17,12.63,36.508,555
2023-07-01T00:00:00.000Z,0.5,15.17,5.18,1.59,6.34,3.335,361
2023-06-30T00:00:00.000Z,2.42,36.22,5.85,4.48,8.84,4.966,548
2023-06-29T00:00:00.000Z,1.1,25.4,4.3,3.03,7.34,3.476,548
2023-06-28T00:00:00.000Z,1.67,21.5,4.68,3.17,8.02,3.397,553
2023-06-27T00:00:00.000Z,1.3,28.17,6.85,3,9.69,5.294,551
2023-06-26T00:00:00.000Z,2.15,35.17,3.88,3.1,6,4.907,471
2023-06-25T00:00:00.000Z,1.3,23.15,4.05,2.5,7.07,4.283,562
2023-06-24T00:00:00.000Z,2.04,19.2,6.25,4.25,7.85,2.777,553
2023-06-23T00:00:00.000Z,2.45,28.43,6.7,4.7,8.5,4.398,533
2023-06-22T00:00:00.000Z,1.2,20.5,5.62,3.32,6.6,2.788,520
2023-06-21T00:00:00.000Z,2.5,16.5,4.15,3.54,5.43,2.324,537
2023-06-20T00:00:00.000Z,1.6,17.89,5.7,3.08,7.47,2.783,531
2023-06-19T00:00:00.000Z,3.6,27.38,6.22,5.09,9.44,4.716,343
2023-06-18T00:00:00.000Z,2.33,44.42,6,4.22,9.01,7.228,545
2023-06-17T00:00:00.000Z,1.7,28.95,4.47,3.3,7.27,2.869,545
2023-06-16T00:00:00.000Z,2.13,45.65,5.7,4.03,7,8.308,527
2023-06-15T00:00:00.000Z,1.3,24.75,4.63,3.49,5.36,3.88,536
2023-06-14T00:00:00.000Z,3.9,80.09,7.13,5.2,11.24,8.896,512
2023-06-13T00:00:00.000Z,2.88,32.13,4.88,3.95,6.43,2.88,517
2023-06-12T00:00:00.000Z,2.38,14.6,3.97,3.28,5.2,1.976,484
2023-06-11T00:00:00.000Z,0.75,15.02,3.43,2.15,4.47,2.234,546
2023-06-10T00:00:00.000Z,1.2,9.69,3.42,2.4,4.63,1.525,536
2023-06-09T00:00:00.000Z,1.65,23.73,4.76,3.07,7.77,3.927,524
2023-06-08T00:00:00.000Z,1.12,15,3.46,2.71,4.76,2.733,408
2023-06-07T00:00:00.000Z,2.85,29.38,4.8,4.05,7.05,3.269,531
2023-06-06T00:00:00.000Z,1.5,24.08,4.68,3.67,7,3.776,347
2023-06-05T00:00:00.000Z,1.7,23.23,5.32,3.9,6.8,3.362,531
2023-06-04T00:00:00.000Z,1.58,35,3.28,2.6,4.5,3.95,551
2023-06-03T00:00:00.000Z,1.55,19.17,4.24,2.6,9.19,4.389,430
2023-06-02T00:00:00.000Z,2.97,31.42,6.55,4.93,10.98,6.058,548
2023-06-01T00:00:00.000Z,2.25,40.08,4.22,3.4,9,6.749,523
2023-05-31T00:00:00.000Z,3.03,19.42,5.52,4,7.32,2.916,326
2023-05-30T00:00:00.000Z,2.4,33.79,6.6,3.63,10.15,4.844,550
2023-05-29T00:00:00.000Z,3.2,20.95,5.45,4.75,7.77,2.33,471
2023-05-28T00:00:00.000Z,3.8,39.33,8.3,5.75,15.48,6.927,463
2023-05-27T00:00:00.000Z,3.1,18.8,7.5,6.3,9.76,3.137,441
2023-05-26T00:00:00.000Z,6.3,28.92,10.89,9.61,13.13,3.758,400
2023-05-25T00:00:00.000Z,3.63,20.3,6.4,5.3,8.18,2.722,504
2023-05-24T00:00:00.000Z,2.67,19.5,7.33,5.35,9.46,3.083,548
2023-05-23T00:00:00.000Z,3.28,22.85,6.09,5.09,7.15,3.222,534
2023-05-22T00:00:00.000Z,3.1,59.6,6.22,5.22,8.8,6.021,498
2023-05-21T00:00:00.000Z,2.54,27.65,6.38,4.86,8.38,3.599,541
2023-05-20T00:00:00.000Z,4,20.95,8.41,5.63,12.2,3.832,546
2023-05-19T00:00:00.000Z,5.28,21.8,7.73,7.02,10.14,3.123,533
2023-05-18T00:00:00.000Z,5.53,21.05,7.31,6.59,7.97,2.444,240
2022-12-25T00:00:00.000Z,6.38,43.03,15.5,12.3,19.01,7.324,345
2022-12-24T00:00:00.000Z,3.97,40.78,11.43,5.9,17.3,6.903,441
2022-12-23T00:00:00.000Z,5.13,22.2,10.9,8.19,12.82,3.877,346
2022-12-22T00:00:00.000Z,4.32,27.17,8.32,6.4,10.4,3.736,498
2022-12-21T00:00:00.000Z,2.25,106.05,12.15,6.25,14.2,14.999,447
2022-12-20T00:00:00.000Z,3.63,61.45,12.23,7.35,15.9,7.59,494
2022-12-19T00:00:00.000Z,2.42,16.95,5.87,4.7,7.9,2.828,474
2022-12-18T00:00:00.000Z,0.3,8,1.52,0.82,2.95,1.531,452
2022-12-17T00:00:00.000Z,0.6,46.85,4.57,1.2,7.38,7.522,449
2022-12-16T00:00:00.000Z,4.75,54.88,9.8,7.07,18.77,12.399,426
2022-12-15T00:00:00.000Z,5.45,34.2,14.9,6.75,16.2,5.468,487
2022-12-14T00:00:00.000Z,7.97,36.95,24.58,15.69,26.02,6.903,465
2022-12-13T00:00:00.000Z,5.67,37.42,10.5,8.69,13.85,5.584,479
2022-12-12T00:00:00.000Z,4.75,26.25,9.19,7.9,11.74,3.695,485
2022-12-11T00:00:00.000Z,3.6,47.05,7.59,5.05,11.07,6.53,494
2022-12-10T00:00:00.000Z,2.7,27.38,8.55,4.18,16.01,6.874,493
2022-12-09T00:00:00.000Z,4.93,43.25,9.05,6.18,11.75,4.014,487
2022-12-08T00:00:00.000Z,3.53,56.9,9.99,6.81,21.36,11.186,504
2022-12-07T00:00:00.000Z,3.88,87.73,6.6,5.79,7.42,8.138,501
2022-12-06T00:00:00.000Z,1.55,86.22,5.9,3.38,8.75,11.552,495
2022-12-05T00:00:00.000Z,3.3,68.93,6.7,5.15,9,6.309,475
2022-12-04T00:00:00.000Z,1,59.2,2.2,1.55,4.28,5.7,485
2022-12-03T00:00:00.000Z,0.4,23.9,2.69,1.14,5.15,4.241,518
2022-12-02T00:00:00.000Z,1,16.92,3.87,2.5,5.38,2.339,523
2022-12-01T00:00:00.000Z,0.95,42.78,7.73,2.59,22.25,11.188,440
2022-11-30T00:00:00.000Z,2.35,32.53,10.25,6.57,16.16,6.309,476
2022-11-29T00:00:00.000Z,1.48,26.87,4.4,2.29,5.53,2.976,426
2022-11-28T00:00:00.000Z,0.4,53.37,2.54,1,4.22,5.809,455
2022-11-27T00:00:00.000Z,0.4,18.3,0.98,0.75,1.2,1.338,496
2022-11-26T00:00:00.000Z,0.35,7.75,2.27,1.05,4,1.876,483
2022-11-25T00:00:00.000Z,0.9,10,3.2,1.8,5.18,1.902,478
2022-11-24T00:00:00.000Z,1.3,84.43,5.81,3,10.75,14.361,482
2022-11-23T00:00:00.000Z,1.3,111.43,3.42,2.1,4.3,10.633,491
2022-11-22T00:00:00.000Z,1.1,27.4,6.27,1.95,13.62,6.587,484
2022-11-21T00:00:00.000Z,3.95,79.7,8.19,6.93,12.23,11.161,498
2022-11-20T00:00:00.000Z,0.6,82.72,3.08,1.58,6.34,7.31,505
2022-11-19T00:00:00.000Z,2.92,14.45,5.05,4.32,7.25,2.631,467
2022-11-18T00:00:00.000Z,1.2,17.6,5.93,4.4,7.95,2.883,495
2022-11-17T00:00:00.000Z,3.1,54.92,10.4,6.95,16.39,8.878,500
2022-11-16T00:00:00.000Z,3.27,30.03,6.65,4.68,10.05,4.742,483
2022-11-15T00:00:00.000Z,1.73,33.35,6.75,4.05,11.18,6.135,474
2022-11-14T00:00:00.000Z,1.8,27.25,5.72,3.15,9.52,4.279,459
2022-11-13T00:00:00.000Z,0.9,28.77,3.4,1.5,7.24,5.904,464
2022-11-12T00:00:00.000Z,6.9,53.1,12.73,10.43,14.88,5.725,456
2022-11-11T00:00:00.000Z,2.58,40.28,10.35,8.8,12.32,4.495,439
2022-11-10T00:00:00.000Z,5.72,18.88,11.02,9.98,13.35,2.613,466
2022-11-09T00:00:00.000Z,3.78,72.97,15.02,9.3,22.8,11.553,485
2022-11-08T00:00:00.000Z,3.83,592.03,22.04,7.86,65.31,75.947,500
2022-11-07T00:00:00.000Z,2.77,122.97,11.6,5.15,13.09,13.449,509
2022-11-06T00:00:00.000Z,4.45,83.07,9.41,5.82,13.08,9.838,476
2022-11-05T00:00:00.000Z,2.9,42.03,9.55,7.57,11.02,7.364,487
2022-11-04T00:00:00.000Z,4.43,61.6,12.18,6.4,18.23,11.505,474
2022-11-03T00:00:00.000Z,5.35,34.58,11.98,7.63,13.75,6.246,520
2022-11-02T00:00:00.000Z,5.09,23.13,13.13,6.15,15.44,4.789,477
2022-11-01T00:00:00.000Z,5.43,28.08,16.07,8.75,17.57,5.224,449
2022-10-31T00:00:00.000Z,6.4,81.05,10.19,8.07,16.8,11.291,287
2022-10-30T00:00:00.000Z,2.2,19.98,6.78,5.69,9.55,3.393,448
2022-10-29T00:00:00.000Z,1.7,23.77,4.97,2.9,11.2,4.7,491
2022-10-28T00:00:00.000Z,2.45,27.13,11.99,4.09,18.14,7.024,486
2022-10-27T00:00:00.000Z,2.65,25.27,7.97,4.53,10.5,4.457,479
2022-10-26T00:00:00.000Z,2.65,42.97,7.12,4.78,10.56,6.631,488
2022-10-25T00:00:00.000Z,1.47,66.5,7.22,3.16,10.02,8.583,500
2022-10-24T00:00:00.000Z,0.9,87.7,5.9,1.9,11.23,11.97,472
2022-10-23T00:00:00.000Z,2.83,38.03,5.68,4.63,8.22,4.241,501
2022-10-22T00:00:00.000Z,4.2,33.79,9.44,6.88,11.02,4.146,519
2022-10-21T00:00:00.000Z,3.15,53.1,8.56,5.28,12.9,6.555,486
2022-10-18T00:00:00.000Z,1.6,48,11.48,7.45,16.32,8.72,346
2022-10-17T00:00:00.000Z,4,17.1,6.82,5.84,8.89,2.167,488
2022-10-16T00:00:00.000Z,2.6,25.85,6.72,5.72,8.07,3.786,396
2022-10-15T00:00:00.000Z,5.15,54.45,9.71,7.8,11.7,6.038,494
2022-10-14T00:00:00.000Z,5.8,51.53,8.09,6.9,10.23,3.116,490
2022-10-13T00:00:00.000Z,4.28,27.65,10.93,8.27,15.09,4.538,505
2022-10-12T00:00:00.000Z,2.25,35.03,5.84,4.5,8.94,4.836,506
2022-10-11T00:00:00.000Z,3.1,26.77,9.69,4.68,13.57,5.288,483
2022-10-10T00:00:00.000Z,1.52,108.32,10.6,6.78,23.08,29.402,507
2022-10-09T00:00:00.000Z,0.63,133.32,6.32,2.34,15.56,14.387,521
2022-10-08T00:00:00.000Z,2.4,195.93,7.42,5.2,11.4,35.31,504
2022-10-07T00:00:00.000Z,1.9,18,5.15,4.2,7.47,2.519,482
2022-10-06T00:00:00.000Z,1.35,23.9,3.45,2.52,6.06,3.46,513
2022-10-05T00:00:00.000Z,0.52,27.45,3.59,1.47,5.93,4.17,296
2022-10-04T00:00:00.000Z,0.7,34.88,5.8,1.65,12.02,6.174,330
2022-10-03T00:00:00.000Z,1.42,27.13,4.55,2.72,6.28,4.512,240
2022-10-02T00:00:00.000Z,0.8,47.8,2.42,1.35,7.93,5.988,250
2022-10-01T00:00:00.000Z,1.14,91.97,4.28,3,8.35,13.577,439
2022-09-30T00:00:00.000Z,2.04,20.58,3.8,2.97,5.7,4.371,261
2022-09-29T00:00:00.000Z,1.17,23.42,2.9,2.33,4.42,4.043,284
2022-09-28T00:00:00.000Z,0.6,122.18,2.04,1.6,2.5,12.593,453
2022-09-27T00:00:00.000Z,1.83,17.35,4.73,3.6,5.97,1.855,472
2022-09-26T00:00:00.000Z,1.38,41.72,6.06,4.3,15.37,8.233,452
2022-09-25T00:00:00.000Z,1.1,27.05,2.72,1.92,4.93,3.958,491
2022-09-24T00:00:00.000Z,1.42,18.25,3.4,2.67,6.47,2.622,500
2022-09-23T00:00:00.000Z,2,35.47,3.58,2.7,5.95,5.776,480
2022-09-22T00:00:00.000Z,1.52,19.35,3,2.54,3.83,2.017,494
2022-09-21T00:00:00.000Z,1.4,29.92,3.28,2.5,4.21,2.919,437
2022-09-20T00:00:00.000Z,2.17,18.63,3.7,3.05,4.75,3.163,409
2022-09-19T00:00:00.000Z,1.6,35.75,5.6,3.91,9.85,5.642,465
2022-09-18T00:00:00.000Z,1.3,17.75,4.72,3.42,6.14,3.108,444
2022-09-17T00:00:00.000Z,1.2,31.88,4.88,3.6,7.97,3.452,427
2022-09-16T00:00:00.000Z,2.6,21.85,5.57,3.92,7.88,3.682,435
2022-09-15T00:00:00.000Z,1.2,28.83,3.35,2.45,5.2,4.205,479
2022-09-14T00:00:00.000Z,1.67,53.8,3.3,2.72,4.13,5.936,466
2022-09-13T00:00:00.000Z,1.33,62.3,5.63,2.88,8.98,9.132,477
2022-09-12T00:00:00.000Z,1.27,21.85,4.5,2.8,6.1,2.943,434
2022-09-11T00:00:00.000Z,0.6,11.05,2.35,1.36,3.32,1.978,504
2022-09-10T00:00:00.000Z,0.8,10.85,3.67,2.47,5.52,2.335,488
2022-09-09T00:00:00.000Z,2.42,37.79,6.59,3.55,9.02,5.088,490
2022-09-08T00:00:00.000Z,1.14,50.25,2.2,1.9,2.96,7.046,333
2022-09-07T00:00:00.000Z,1.12,31.25,3.03,2.14,5.94,6.159,445
2022-09-06T00:00:00.000Z,1.67,27.53,3.3,2.8,4,3.122,472
2022-09-05T00:00:00.000Z,1.2,9.19,2.29,2,3.72,1.582,318
2022-09-04T00:00:00.000Z,0.5,26.85,1.4,0.8,4.09,4.245,219
2022-09-03T00:00:00.000Z,0.63,33.54,2.71,1.89,5.11,4.462,376
2022-09-02T00:00:00.000Z,0.8,36.65,3.33,1.84,5.03,4.825,433
2022-09-01T00:00:00.000Z,0.88,47.8,6.82,4.38,13.6,8.376,448
2022-08-31T00:00:00.000Z,2.54,17.52,5.7,3.97,9.24,3.603,344
2022-08-20T00:00:00.000Z,1.38,13.8,5.34,3.14,7.79,3.485,192
2022-08-19T00:00:00.000Z,1.4,14,3.83,2.9,7.13,2.676,546
2022-08-18T00:00:00.000Z,1.95,24.2,5,3.38,8.19,4.153,439
2022-08-17T00:00:00.000Z,1.1,17.35,5.2,3.5,7.64,2.781,405
2022-08-16T00:00:00.000Z,2.29,38.72,6.07,4.22,9.69,6.462,531
2022-08-15T00:00:00.000Z,2.52,55.92,8,5.55,10.09,10.356,425
2022-08-14T00:00:00.000Z,1.85,64.53,9.07,5.28,11.85,9.309,515
2022-08-13T00:00:00.000Z,3.55,27.75,9.98,9.15,13.38,3.766,534
2022-08-12T00:00:00.000Z,4.93,827.35,8.19,6.53,19.75,86.089,447
2022-08-11T00:00:00.000Z,2.4,18,4.95,3.83,8.07,3.216,429
2022-08-10T00:00:00.000Z,0.9,8.44,3.25,2.5,4.98,1.704,420
2022-08-09T00:00:00.000Z,1.38,24.63,5,2.95,8.5,4.324,503
2022-08-08T00:00:00.000Z,1.63,14.85,5.25,3.89,7.24,2.777,461
2022-08-07T00:00:00.000Z,0.82,32.65,3.9,2.45,5.35,3.89,390
2022-08-06T00:00:00.000Z,1.6,17.25,3.45,2.7,4.18,2.201,492
2022-08-05T00:00:00.000Z,1.2,31.8,4.9,3.28,8.26,5.231,517
2022-08-04T00:00:00.000Z,1.33,33.25,5.2,3.9,8.94,4.765,423
2022-08-03T00:00:00.000Z,1.3,11.38,3.72,3.08,5.18,1.895,504
2022-08-02T00:00:00.000Z,1.2,14.27,3.4,2.4,4.9,2.008,497
2022-08-01T00:00:00.000Z,1.65,12.85,4.67,3.37,6.63,2.518,472
2022-07-31T00:00:00.000Z,0.87,11.23,3.22,2.29,4.45,1.764,530
2022-07-30T00:00:00.000Z,4.13,49.58,7.67,6.43,10.14,4.054,520
2022-07-29T00:00:00.000Z,3.2,644.91,6.4,5.07,17.52,33.69,513
2022-07-28T00:00:00.000Z,2.47,21.83,5.39,4.15,8.6,3.753,526
2022-07-27T00:00:00.000Z,2.54,34.1,8.85,7.13,10.02,3.09,526
2022-07-26T00:00:00.000Z,2.04,20.38,6.71,4.8,10.05,3.583,536
2022-07-25T00:00:00.000Z,1.63,12.88,3.75,2.8,5.4,2.287,552
2022-07-24T00:00:00.000Z,0.8,16.25,2.67,1.6,3.58,2.464,542
2022-07-23T00:00:00.000Z,4.59,62.85,7.97,6.68,11.42,10.866,545
2022-07-22T00:00:00.000Z,0.73,55.93,5.05,3.27,11.23,9.933,543
2022-07-21T00:00:00.000Z,3,60.58,8.1,6.68,9.52,5.931,543
2022-07-20T00:00:00.000Z,1.17,25.58,5.05,2.08,7.14,4.108,549
2022-07-19T00:00:00.000Z,1.8,18.85,4.03,3.2,5.4,1.947,551
2022-07-18T00:00:00.000Z,1.67,20.14,3.63,2.84,5.57,3.716,533
2022-07-17T00:00:00.000Z,1.4,117.2,4.03,2.72,5.55,11.181,551
2022-07-16T00:00:00.000Z,1.3,13.2,3.97,2.7,5.72,2.272,559
2022-07-15T00:00:00.000Z,2.52,12.05,5.05,3.67,7.63,2.274,494
2022-07-14T00:00:00.000Z,1.7,14.63,3.55,3,5.7,2.568,511
2022-07-13T00:00:00.000Z,1.8,15.77,5.55,3.24,7.6,3.111,493
2022-07-12T00:00:00.000Z,1.23,12.3,3.08,2.38,3.92,1.657,532
2022-07-11T00:00:00.000Z,1.9,17.42,4.84,3.03,7.53,3.208,527
2022-07-10T00:00:00.000Z,0.56,7.68,1.7,1.17,2.63,1.357,522
2022-07-09T00:00:00.000Z,0.9,31.55,3.83,2.71,6,4.982,520
2022-07-08T00:00:00.000Z,2.6,33.45,7.07,5.3,9.05,4.58,451
2022-07-07T00:00:00.000Z,1.1,12.23,4.95,2.5,7.4,2.92,353
2022-07-06T00:00:00.000Z,1.5,12.52,3.17,2.35,4.71,1.889,524
2022-07-05T00:00:00.000Z,2.65,17.82,4.84,3.9,6.07,2.248,518
2022-07-04T00:00:00.000Z,1.5,30.8,4.78,3.28,5.97,2.517,540
2022-07-03T00:00:00.000Z,2.9,17.6,4.43,3.8,6.2,2.437,518
2022-07-02T00:00:00.000Z,1.2,15.82,3.28,2.66,4.18,2.223,529
2022-07-01T00:00:00.000Z,1.38,19.07,3.45,2.6,5.12,2.645,541
2022-06-30T00:00:00.000Z,1.63,11.1,3.85,2.9,4.96,1.832,525
2022-06-29T00:00:00.000Z,1.5,21.27,3.95,3.17,4.95,3.345,526
2022-06-28T00:00:00.000Z,2.4,385.2,6.99,5.35,8.69,64.952,512
2022-06-27T00:00:00.000Z,2.17,17.05,4.8,4,6.93,2.71,536
2022-06-26T00:00:00.000Z,0.87,14.8,2.71,1.7,4.59,2.354,546
2022-06-25T00:00:00.000Z,0.93,32.6,3.2,2.22,8.23,5.007,543
2022-06-24T00:00:00.000Z,2.6,40.33,5.05,3.89,6.72,4.988,492
2022-06-23T00:00:00.000Z,1.6,89.6,4.82,3.6,12.07,13.9,333
2022-06-22T00:00:00.000Z,1.85,33.42,4.57,3.64,6.49,5.345,356
2022-06-21T00:00:00.000Z,1.25,186.93,4.26,2.6,7.57,23.993,346
2022-06-20T00:00:00.000Z,2.1,46,4.78,3.45,6.57,4.797,367
2022-06-19T00:00:00.000Z,1.47,29.7,5.2,3.82,6.25,4.133,425
2022-06-18T00:00:00.000Z,1.88,53.28,5.07,3.29,8.71,6.346,485
2022-06-17T00:00:00.000Z,2.27,29.2,7.17,5.03,12.48,6.163,402
2022-06-16T00:00:00.000Z,1.02,25.05,7.81,2.45,11.2,4.84,480
2022-06-15T00:00:00.000Z,1,23.92,3.92,2.54,6.63,3.321,468
2022-06-14T00:00:00.000Z,0.77,10.6,2.52,1.92,3.69,2.049,337
2022-06-13T00:00:00.000Z,2.72,264.05,9.8,4.55,19.75,32.296,455
2022-06-12T00:00:00.000Z,1.4,224.43,7.68,5.3,12.24,12.828,456
2022-06-11T00:00:00.000Z,1.8,25.77,5,3.47,12.35,5.494,434
2022-06-10T00:00:00.000Z,2.7,21.2,6.63,5.09,10.32,3.964,459
2022-06-09T00:00:00.000Z,1.03,19.02,4.18,2.25,6.7,3.468,481
2022-06-08T00:00:00.000Z,1.57,42.53,4.93,3.2,7.78,3.823,471
2022-06-07T00:00:00.000Z,1.4,11.8,4.48,3.51,5.43,1.677,348
2022-06-06T00:00:00.000Z,1.52,7.75,3.63,2.6,5.05,1.477,346
2022-06-05T00:00:00.000Z,0.8,14.8,3.1,2.08,5.19,2.682,409
2022-06-04T00:00:00.000Z,1.55,20.63,5.18,3.78,7.4,3.832,406
2022-06-03T00:00:00.000Z,2.02,25.8,5.97,3.83,10.81,4.994,297
2022-06-02T00:00:00.000Z,2.63,55.8,4.96,3.8,6.14,4.472,184
2022-06-01T00:00:00.000Z,2.4,480.05,6.03,3.9,15.03,64.099,486
2022-05-31T00:00:00.000Z,3.17,21.98,5.72,4.53,8.44,3.302,475
2022-05-30T00:00:00.000Z,3.15,16.38,5.82,4.84,8.03,3.204,441
2022-05-29T00:00:00.000Z,2.6,15.68,4.53,3.85,5.46,1.709,428
2022-05-28T00:00:00.000Z,0.85,104.32,3.9,3.2,6.95,10.072,506
2022-05-27T00:00:00.000Z,1.52,16.52,3.67,2.5,5.95,2.866,473
2022-05-26T00:00:00.000Z,1,13.25,2.67,1.73,5.2,2.479,475
2022-05-25T00:00:00.000Z,1,12.95,2.9,2.22,4.63,2.233,485
2022-05-24T00:00:00.000Z,1.83,11.43,4.7,3.75,6.1,1.832,498
2022-05-23T00:00:00.000Z,1.85,16.14,4.01,3.1,6.13,3.204,486
2022-05-22T00:00:00.000Z,0.4,12.18,1.9,1.2,2.59,1.475,469
2022-05-21T00:00:00.000Z,0.2,13.55,2.33,0.5,4.47,3.065,502
2022-05-20T00:00:00.000Z,1.5,58.3,5.09,2.8,13.52,12.045,478
2022-05-19T00:00:00.000Z,2.7,38,7.74,6.5,12.05,5.043,492
2022-05-18T00:00:00.000Z,1.73,15.52,4.34,3.53,6,2.631,507
2022-05-17T00:00:00.000Z,0.73,26.17,5.8,3.85,11.25,5.664,500
2022-05-16T00:00:00.000Z,1.7,25.85,7.22,5.35,10.37,4.12,501
2022-05-15T00:00:00.000Z,1.63,30.73,5.6,4.3,10.16,4.857,488
2022-05-14T00:00:00.000Z,3.28,12.25,5.93,4.42,7.97,2.017,517
2022-05-13T00:00:00.000Z,1.48,12.65,3.94,2.6,5.6,2.405,504
2022-05-12T00:00:00.000Z,2.38,13.38,3.95,3.17,5.6,1.985,486
2022-05-11T00:00:00.000Z,1.1,11.45,3.94,2.91,4.9,1.891,496
2022-05-10T00:00:00.000Z,0.8,13.07,3.5,2.52,4.5,2.135,493
2022-05-09T00:00:00.000Z,0.25,14.73,1.2,0.52,1.88,2.259,505
2022-05-08T00:00:00.000Z,0.3,22.65,1.84,0.85,5.25,3.184,554
2022-05-07T00:00:00.000Z,1.02,19.32,5.05,2.6,6.05,2.567,551
2022-05-06T00:00:00.000Z,2,26.23,4.3,3.1,6.03,3.943,547
2022-05-05T00:00:00.000Z,3.05,23.08,7.03,4.84,7.93,3.164,541
2022-05-04T00:00:00.000Z,1.2,12.4,3.7,2.63,5.38,2.23,562
2022-05-03T00:00:00.000Z,0.65,153.65,3.94,2.97,5.19,24.334,508
2022-05-02T00:00:00.000Z,1.67,17.89,3.67,2.7,5.15,3.389,438
2022-05-01T00:00:00.000Z,0.82,18.39,4.93,2.52,8.02,3.737,503
2022-04-30T00:00:00.000Z,2.45,39.97,8.23,4.93,12.05,7.444,555
2022-04-29T00:00:00.000Z,0.55,42.23,4.34,2.2,10.3,6.171,542
2022-04-28T00:00:00.000Z,0.5,26.88,2.83,1.27,3.63,2.414,530
2022-04-27T00:00:00.000Z,1.14,20.25,6.56,2.5,8.6,4.392,530
2022-04-26T00:00:00.000Z,1.3,8.94,3.1,2.44,4.19,1.235,541
2022-04-25T00:00:00.000Z,0.7,11.43,2.8,2.19,3.9,1.527,524
2022-04-24T00:00:00.000Z,1,20.83,4.2,2.41,6.94,3.644,557
2022-04-23T00:00:00.000Z,3.05,31.88,4.78,4.2,5.55,3.016,546
2022-04-22T00:00:00.000Z,3.22,28.45,5.4,4.38,6.35,2.426,534
2022-04-21T00:00:00.000Z,3.15,13.07,4.95,4.2,6.03,2.07,539
2022-04-20T00:00:00.000Z,2.52,24.27,10.45,3.82,14.96,5.673,532
2022-04-19T00:00:00.000Z,4.05,21.92,10.48,5.47,12.59,4.164,533
2022-04-18T00:00:00.000Z,3.1,17.07,8.69,4.63,10.07,3.145,537
2022-04-17T00:00:00.000Z,4.15,20.9,8.5,7.57,12.2,3.568,547
2022-04-16T00:00:00.000Z,8.68,33.38,17.35,15.02,20.67,4.384,523
2022-04-15T00:00:00.000Z,8.85,51.9,15.04,12.95,22.24,8.471,532
2022-04-14T00:00:00.000Z,6.3,98.97,17.63,12.17,24.79,10.665,509
2022-04-13T00:00:00.000Z,6.93,40.04,13.74,10.18,15.45,5.874,538
2022-04-12T00:00:00.000Z,9.85,38.58,13.89,12.38,15.45,4.093,550
2022-04-11T00:00:00.000Z,5.13,17.92,8.57,6.57,10.52,3.108,538
2022-04-10T00:00:00.000Z,3.15,23.85,10.15,4.5,14.05,4.727,531
2022-04-09T00:00:00.000Z,4.4,31.2,12.07,6.65,15.98,7.073,507
2022-04-08T00:00:00.000Z,3.8,51.92,11.43,6.65,14.38,6.693,551
2022-04-07T00:00:00.000Z,3.58,33.29,13.48,7.5,17.8,6.25,531
2022-04-06T00:00:00.000Z,3.6,48.88,11.18,8.68,15.2,7.748,546
2022-04-05T00:00:00.000Z,2.75,26.67,5.78,4.97,11.13,4.74,546
2022-04-04T00:00:00.000Z,1.63,26.25,5.07,3.85,6.85,3.972,550
2022-04-03T00:00:00.000Z,0.8,9.4,2.75,2.1,4.84,2.043,551
2022-04-02T00:00:00.000Z,1.1,23.15,3.8,2.49,5.63,3.544,481
2022-04-01T00:00:00.000Z,1.05,11.45,4.05,2.7,5.67,2.109,526
2022-03-31T00:00:00.000Z,1.25,42.2,11.05,2.7,17.8,8.469,551
2022-03-30T00:00:00.000Z,2.85,31.85,9.02,6.47,15.93,6.461,539
2022-03-29T00:00:00.000Z,5.97,29.25,12.5,9.36,18.32,5.538,539
2022-03-28T00:00:00.000Z,2.04,31.85,5.07,4.18,9.68,5.678,552
2022-03-27T00:00:00.000Z,0.82,745.83,4,2.52,7.33,95.219,535
2022-03-26T00:00:00.000Z,0.45,16.23,2.47,1.1,3.8,2.352,550
2022-03-25T00:00:00.000Z,0.4,24.9,1.6,0.9,3.38,3.923,542
2022-03-24T00:00:00.000Z,0.4,13.88,1.6,0.89,2.47,1.835,524
2022-03-23T00:00:00.000Z,0.7,32.13,2.02,1.5,3.6,2.457,531
2022-03-22T00:00:00.000Z,1.2,9.18,2.42,2,3.4,1.356,549
2022-03-21T00:00:00.000Z,0.5,9.18,1.77,1.1,2.66,1.547,500
2022-03-20T00:00:00.000Z,1.1,32.78,5.24,2.97,12.32,6.696,536
2022-03-19T00:00:00.000Z,4.28,32.75,9.19,6.25,20.63,7.625,546
2022-03-18T00:00:00.000Z,5.6,29.6,10.6,8.13,12.15,3.399,519
2022-03-17T00:00:00.000Z,4.3,26.3,10.34,6.68,13.74,5.296,536
2022-03-16T00:00:00.000Z,4.84,333.1,8.32,6.57,13.2,35.907,539
2022-03-15T00:00:00.000Z,1.87,15.4,4.72,3.01,5.8,2.349,541
2022-03-14T00:00:00.000Z,2.2,16.73,6.13,3.4,7.62,2.769,553
2022-03-13T00:00:00.000Z,3.55,32.38,7.72,5.32,13.45,5.783,531
2022-03-12T00:00:00.000Z,9.44,49.15,15.93,11.95,24.24,8.949,544
2022-03-11T00:00:00.000Z,3.63,74.25,12.05,6.43,28.08,16.428,532
2022-03-10T00:00:00.000Z,3.28,48.55,10.64,4.7,17.07,6.809,548
2022-03-09T00:00:00.000Z,4.03,26.93,12.63,5.85,17.13,6.317,494
2022-02-05T00:00:00.000Z,4.15,9.65,5.53,4.82,7.05,1.399,126
2022-02-04T00:00:00.000Z,1.48,11.65,5.85,4.07,7.38,2.227,529
2022-02-03T00:00:00.000Z,4.38,114.03,6.05,5.38,18.3,27.974,497
2022-02-02T00:00:00.000Z,2.4,52.67,8.4,5.42,15.48,10.009,513
2022-02-01T00:00:00.000Z,2.2,49.22,11.13,4.09,22.73,11.483,502
2022-01-31T00:00:00.000Z,4.03,86.2,12.3,8.74,19.38,13.865,544
2022-01-30T00:00:00.000Z,1.33,42.3,9.94,2.65,16.3,7.816,543
2022-01-29T00:00:00.000Z,5.38,31.63,16.14,7.4,20.45,6.883,542
2022-01-28T00:00:00.000Z,9,29.4,18.89,15.6,22.65,4.461,544
2022-01-27T00:00:00.000Z,2.27,63.25,12.82,5.47,22.75,9.794,534
2022-01-26T00:00:00.000Z,0.73,30.15,4.57,2.85,7.2,5.177,507
2022-01-25T00:00:00.000Z,0.5,43.03,11.95,1.45,18.17,8.177,533
2022-01-24T00:00:00.000Z,2.92,21.27,8.05,4.47,13.6,5.189,532
2022-01-23T00:00:00.000Z,0.3,27.67,3.75,1.44,8.3,4.477,525
2022-01-22T00:00:00.000Z,1.4,28,5.47,2.47,11.08,5.797,521
2022-01-21T00:00:00.000Z,3.22,33.28,10.06,4.84,16.7,6.101,512
2022-01-20T00:00:00.000Z,2.92,44.45,12.83,5.25,17.2,7.666,546
2022-01-19T00:00:00.000Z,3.17,26.08,15.97,9.25,18.98,6.215,526
2022-01-18T00:00:00.000Z,5.15,30.85,14.64,10.49,19.07,5.646,544
2022-01-17T00:00:00.000Z,3.25,35.7,12.13,5.43,22.1,8.048,539
2022-01-16T00:00:00.000Z,3.28,34.79,7.03,4.7,13.07,7.568,539
2022-01-15T00:00:00.000Z,4.25,103.78,10.23,6.55,23.95,17.401,538
2022-01-14T00:00:00.000Z,6.22,40.83,13.06,9.48,21.75,7.369,522
2022-01-13T00:00:00.000Z,5.15,41.03,16.3,9.01,30.73,11.309,533
2022-01-12T00:00:00.000Z,4.2,17.35,8.03,5.57,11.75,3.417,530
2022-01-11T00:00:00.000Z,2.8,16.6,7.1,5.32,8.88,2.558,530
2022-01-10T00:00:00.000Z,3.17,20.95,9.6,4.97,13.31,4.496,509
2022-01-09T00:00:00.000Z,1.58,26.65,8.61,2.85,11.88,6.467,506
2022-01-08T00:00:00.000Z,1.85,35.92,9.93,3.3,18.09,8.807,517
2022-01-07T00:00:00.000Z,3.65,53.2,12.68,7.47,20.2,9.65,539
2022-01-06T00:00:00.000Z,4.2,49.85,13.07,9.85,20.45,8.709,555
2022-01-05T00:00:00.000Z,3.9,25.45,9.98,5.03,15.18,5.644,539
2022-01-04T00:00:00.000Z,3.05,41.88,11.02,5.47,24.65,11.871,543
2022-01-03T00:00:00.000Z,5.18,26.4,8.99,7.57,13.97,4.783,536
2022-01-02T00:00:00.000Z,3.17,22.02,8.48,6.18,12.07,3.808,519
2022-01-01T00:00:00.000Z,2.88,20.52,7.28,5.5,9.73,2.929,529
2021-12-31T00:00:00.000Z,2.52,40.15,5.35,3.75,7.55,5.827,538
2021-12-30T00:00:00.000Z,1.1,14.07,3.65,2.4,5.8,2.323,526
2021-12-29T00:00:00.000Z,0.98,27.1,5.09,1.85,10.43,5.593,525
2021-12-28T00:00:00.000Z,4.68,44.47,10.16,7.72,16.57,6.122,542
2021-12-27T00:00:00.000Z,3.4,37.1,14.77,8.27,19.89,7.916,539
2021-12-26T00:00:00.000Z,4.82,56.47,14.25,6.35,19.54,8.59,437
2021-12-25T00:00:00.000Z,8.82,46.53,14.35,11.51,21.77,9.821,496
2021-12-24T00:00:00.000Z,4.4,26.52,8.91,6.63,12.25,4.355,526
2021-12-23T00:00:00.000Z,4.45,38.97,8.4,7.07,10.44,6.16,492
2021-12-22T00:00:00.000Z,4.82,24.98,12,8.13,16.67,5.33,291
2021-10-22T00:00:00.000Z,5.15,17.02,9.3,7.96,11,2.511,500
2021-10-21T00:00:00.000Z,3.9,59.65,12.43,8.01,32.42,15.66,537
2021-10-20T00:00:00.000Z,4.8,33.78,13.93,10.4,20.02,7.408,534
2021-10-19T00:00:00.000Z,1.7,28.42,3.75,3.15,4.59,2.689,375
2021-10-11T00:00:00.000Z,1.07,8.18,4.15,2.19,5.8,1.926,500
2021-10-10T00:00:00.000Z,1.5,11.85,3.9,2.95,6.18,2.285,515
2021-10-09T00:00:00.000Z,1.95,13.1,5.07,3.74,6.5,2.614,489
2021-10-08T00:00:00.000Z,0.8,11.8,3,2.1,3.97,2.05,491
2021-10-07T00:00:00.000Z,1.3,17.87,4.94,4.03,6.5,2.619,514
2021-10-06T00:00:00.000Z,5.6,28,14.48,11.5,16.95,4.28,510
2021-10-05T00:00:00.000Z,3.58,47,8.82,5.65,16.77,9.432,522
2021-10-04T00:00:00.000Z,2.35,30.48,14.3,5.63,17.95,7.169,519
2021-10-03T00:00:00.000Z,3.8,14.55,8.8,6.97,9.8,2.051,526
2021-10-02T00:00:00.000Z,0.8,18.2,3.91,2.88,7.38,3.766,504
2021-10-01T00:00:00.000Z,1.52,32.72,5.05,3.08,9.94,5.809,503
2021-09-30T00:00:00.000Z,1.58,19.23,7.72,7.03,8.94,2.77,507
2021-09-29T00:00:00.000Z,2,28.27,6.7,3.45,11.15,4.721,525
2021-09-28T00:00:00.000Z,4.13,74.65,11.45,5.43,14.73,6.864,534
2021-09-27T00:00:00.000Z,1.67,14.35,6.3,4.73,7.45,2.214,449
2021-09-26T00:00:00.000Z,1.2,14.52,4.68,3.63,5.8,2.978,523
2021-09-25T00:00:00.000Z,0.2,49.13,1.6,1,3.55,5.07,530
2021-09-24T00:00:00.000Z,0.4,10.65,2.74,1.98,4.5,1.873,534
2021-09-23T00:00:00.000Z,0.3,8.27,2.58,1.65,3.82,1.741,532
2021-09-22T00:00:00.000Z,0.63,14.15,2.67,1.92,4.3,1.812,436
2021-09-21T00:00:00.000Z,0.97,114.47,4.4,2.52,7.3,13.836,366
2021-09-20T00:00:00.000Z,0.5,10.73,2.1,1.45,3.4,1.809,514
2021-09-19T00:00:00.000Z,1.14,999.9,3.6,2.2,5.31,139.337,521
2021-09-18T00:00:00.000Z,0.93,64.72,4.47,2.95,7.05,7.564,500
2021-09-17T00:00:00.000Z,0.68,24.02,3.88,2.75,6.43,4.05,515
2021-09-16T00:00:00.000Z,0.5,10.75,4.43,2.64,5.67,2.088,501
2021-09-15T00:00:00.000Z,0.5,27.85,1.7,1.3,2.5,2.696,517
2021-09-14T00:00:00.000Z,0.5,12.88,1.1,0.7,6.35,3.372,346
2021-09-12T00:00:00.000Z,1.63,5.5,2.8,2.45,3.24,0.753,177
2021-09-11T00:00:00.000Z,0.3,7.95,2.1,1.55,3.85,1.638,530
2021-09-10T00:00:00.000Z,1.2,16.67,2.67,2.25,3.55,2.211,519
2021-09-09T00:00:00.000Z,1.05,10.98,2.2,1.8,2.95,1.18,459
2021-09-08T00:00:00.000Z,0.7,9.18,2.22,1.41,3.55,1.538,528
2021-09-07T00:00:00.000Z,0.77,83.75,3.45,1.91,5.05,7.017,429
2021-09-06T00:00:00.000Z,0.9,14.93,3.16,1.9,6.18,3.311,430
2021-09-05T00:00:00.000Z,0.2,34.25,2.2,1,6.35,4.062,425
2021-09-04T00:00:00.000Z,0.68,16.27,2.2,1.55,3.25,1.862,511
2021-09-03T00:00:00.000Z,0.4,10.35,1.8,1.3,4.3,2.26,532
2021-09-02T00:00:00.000Z,0.22,13.27,1.58,0.95,3.33,2.157,487
2021-09-01T00:00:00.000Z,0.2,17.87,1.8,1.09,4.46,3.71,489
2021-08-31T00:00:00.000Z,0.63,19.1,3.05,1.77,7.87,3.677,513
2021-08-30T00:00:00.000Z,0.83,14.27,3.1,1.9,5.17,2.918,496
2021-08-29T00:00:00.000Z,1.63,27.9,5.65,3.54,12.34,6.881,372
2021-08-28T00:00:00.000Z,0.7,27.55,5.45,3.55,13.1,5.927,343
2021-08-27T00:00:00.000Z,0.8,11.95,3.25,1.8,5.38,2.419,395
2021-08-26T00:00:00.000Z,0.4,8.3,2.04,1.7,2.58,1.01,360
2021-08-25T00:00:00.000Z,0.6,8.1,2.1,1.17,3.51,1.709,513
2021-08-24T00:00:00.000Z,0.22,4.34,0.9,0.6,1.52,0.864,467
2021-08-23T00:00:00.000Z,1.77,8.93,4.47,3.35,5.47,1.518,524
2021-08-22T00:00:00.000Z,1.02,109.1,3.33,2.6,5.15,18.302,487
2021-08-21T00:00:00.000Z,1.08,20.14,4.68,2.31,7.89,4.25,516
2021-08-20T00:00:00.000Z,0.8,20.27,6.57,4,9.25,3.496,480
2021-08-19T00:00:00.000Z,0.4,13.02,1.73,1,4.05,2.655,515
2021-08-18T00:00:00.000Z,0.5,6.53,1.98,1.33,3.8,1.533,437
2021-08-17T00:00:00.000Z,0.2,23,2.04,0.6,7.32,5.753,524
2021-08-16T00:00:00.000Z,1.25,27.35,5.78,3.25,6.9,5.15,483
2021-08-15T00:00:00.000Z,1.48,29.13,8.1,3.8,21.6,9.296,447
2021-08-14T00:00:00.000Z,0.6,11.33,2.38,1.73,3.45,1.682,425
2021-08-13T00:00:00.000Z,0.5,11.82,1.9,1.4,3.71,2.245,493
2021-08-12T00:00:00.000Z,0.32,7.93,5.15,3.75,5.95,1.598,271
2021-08-11T00:00:00.000Z,0.5,7.85,3.98,2.17,6.06,2.185,224
2021-08-10T00:00:00.000Z,0.5,13.57,2.6,1.8,4.29,2.22,285
2021-08-09T00:00:00.000Z,0.35,7.6,1.2,0.88,2.34,1.308,220
2021-08-08T00:00:00.000Z,0.3,15.02,0.75,0.52,3,3.652,279
2021-08-07T00:00:00.000Z,0.4,23.2,1.7,0.9,2.45,2.564,301
2021-08-06T00:00:00.000Z,1.33,15.23,2.22,1.85,2.92,3.268,295
2021-08-05T00:00:00.000Z,0.5,15.98,2.2,1.5,3.79,2.306,248
2021-08-04T00:00:00.000Z,0.5,20.13,2.5,1.67,4.43,3.134,214
2021-08-03T00:00:00.000Z,1.37,13.4,2.72,2.2,4.53,2.71,247
2021-08-02T00:00:00.000Z,0.32,7.55,1.4,1.07,2.14,1.717,237
2021-08-01T00:00:00.000Z,0.43,999.9,2.58,1.7,5.18,117.896,247
2021-07-31T00:00:00.000Z,0.22,5.85,1.33,0.8,2.4,1.193,251
2021-07-30T00:00:00.000Z,0.2,5.32,1.52,0.95,3.07,1.281,233
2021-07-29T00:00:00.000Z,0.5,7.4,2.17,1.7,3.13,1.352,287
2021-07-28T00:00:00.000Z,1,13.57,2.7,2.29,3.45,2.476,325
2021-07-27T00:00:00.000Z,0.6,6.75,1.63,1.27,2.54,1.258,317
2021-07-26T00:00:00.000Z,0.93,7.13,2.02,1.58,2.65,1.183,306
2021-07-25T00:00:00.000Z,0.3,5.9,2.38,1.67,3.1,1.118,303
2021-07-24T00:00:00.000Z,0.52,8.23,1.5,1.1,4.26,1.808,276
2021-07-23T00:00:00.000Z,1.88,14.7,4.55,3.4,5.89,2.288,277
2021-07-22T00:00:00.000Z,0.5,8,2.72,2.19,4,1.572,232
2021-07-21T00:00:00.000Z,0.6,12.6,1.72,1.3,3.53,2.934,282
2021-07-20T00:00:00.000Z,0.4,15.8,6.43,3.75,7.8,4.003,255
2021-07-19T00:00:00.000Z,1.38,10.3,3.45,2.29,4.22,1.482,232
2021-07-18T00:00:00.000Z,1.1,10.65,3.72,2.76,4.73,1.642,272
2021-07-17T00:00:00.000Z,0.2,10.32,3.54,1.79,6.18,2.686,308
2021-07-16T00:00:00.000Z,0.1,7.95,2.67,1.65,4.01,1.632,264
2021-07-15T00:00:00.000Z,1.35,150.55,4.75,3.03,8,21.505,291
2021-07-14T00:00:00.000Z,2.7,34.9,6.6,4.15,10.27,3.94,251
2021-07-13T00:00:00.000Z,1.17,6.5,2.6,1.69,2.97,0.961,89
2021-06-28T00:00:00.000Z,0.4,7.63,0.7,0.6,2.58,1.627,167
2021-06-27T00:00:00.000Z,0.32,11.52,2.1,1.52,3.75,2.242,285
2021-06-26T00:00:00.000Z,2.27,11.48,4.03,3.55,5.09,1.306,287
2021-06-25T00:00:00.000Z,2.1,14.88,5.63,4.3,7.47,2.829,287
2021-06-24T00:00:00.000Z,4.68,19.27,8.19,6.67,10.1,2.797,240
2021-06-23T00:00:00.000Z,2.9,22.27,5.54,4.38,6.43,1.96,234
2021-06-22T00:00:00.000Z,3,19.42,4.7,4.17,6,2.213,185
2021-06-21T00:00:00.000Z,2.22,17.48,4.7,3.2,7.3,3.466,219
2021-06-20T00:00:00.000Z,0.7,12.95,3.6,1.92,5.63,3.117,243
2021-06-19T00:00:00.000Z,2.7,56.15,8.24,5.2,13.62,7.917,204
2021-06-14T00:00:00.000Z,3.47,80.25,5.32,4.53,15.43,16.75,183
2021-06-13T00:00:00.000Z,2.5,19.67,5.47,3.67,6.65,2.76,151
2021-06-12T00:00:00.000Z,0.8,14.38,3.78,2.7,5.42,2.901,153
2021-06-11T00:00:00.000Z,0.65,13.88,3.19,1.92,4.63,2.474,170
2021-06-10T00:00:00.000Z,1.83,12.88,4.9,3.75,6.4,2.252,165
2021-06-09T00:00:00.000Z,2.02,23,6.4,3.5,8.44,4.468,243
2021-06-08T00:00:00.000Z,2.08,16.23,7.72,6.28,10.68,3.055,221
2021-06-07T00:00:00.000Z,0.95,8.44,3.63,1.97,4.65,1.608,296
2021-06-06T00:00:00.000Z,3.05,10.75,5.64,4.45,7.87,1.914,168
2021-06-05T00:00:00.000Z,2.54,13.93,5.65,3.98,7.14,2.417,145
2021-06-04T00:00:00.000Z,2.8,19.8,6.6,4.63,8.41,3.143,141
2021-06-03T00:00:00.000Z,2.8,22.67,8.1,6.87,9.11,3.111,140
2021-06-02T00:00:00.000Z,3.85,27.1,9.61,7.85,13.75,5.982,134
2021-06-01T00:00:00.000Z,4.63,21.05,7.24,5.8,10.75,3.755,158
2021-05-31T00:00:00.000Z,2.8,999.9,7.38,5.93,9.38,132.144,126
2021-05-30T00:00:00.000Z,1.73,9.85,5.39,3.33,6.4,1.829,166
2021-05-29T00:00:00.000Z,2.1,50.9,4.44,3.9,5.4,4.355,134
2021-05-28T00:00:00.000Z,1.98,9.19,3.1,2.7,3.7,1.662,154
2021-05-27T00:00:00.000Z,2.83,21.58,5.83,4.21,9.46,3.739,144
2021-05-26T00:00:00.000Z,4.3,62.07,8.55,6.89,12.03,8.454,156
2021-05-25T00:00:00.000Z,2.22,17.13,6.55,4.25,11.7,4.347,158
2021-05-24T00:00:00.000Z,2.52,66.03,9.39,3.7,11.9,7.577,138
2021-05-23T00:00:00.000Z,1.27,10.95,3.49,2.47,4.7,1.942,158
2021-05-22T00:00:00.000Z,1.65,64.81,5.37,3.38,7.1,6.057,114
2021-05-21T00:00:00.000Z,2.29,17.8,6,5.04,10.59,4.12,137
2021-05-20T00:00:00.000Z,1.02,39.17,3.63,2.6,9.25,5.97,145
2021-05-19T00:00:00.000Z,2.95,20.95,7.5,5.5,11.13,3.63,145
2021-05-18T00:00:00.000Z,0.75,9.94,3.88,1.6,5.55,2.309,106
2021-05-17T00:00:00.000Z,1.1,19.52,3.58,2.41,5.67,5.169,128
2021-05-16T00:00:00.000Z,0.3,37.13,2.1,0.94,5.73,7.886,140
2021-05-15T00:00:00.000Z,1.7,30.8,6.7,4.74,9.16,4.441,144
2021-05-14T00:00:00.000Z,0.47,12.52,2.83,2,4.15,2.155,127
2021-05-13T00:00:00.000Z,0.45,8.3,3.42,0.79,5.79,2.591,141
2021-05-12T00:00:00.000Z,0.6,269.52,4.7,0.98,9.63,33.226,111
2021-05-11T00:00:00.000Z,0.5,15,3.38,1.23,6.38,3.294,122
2021-05-10T00:00:00.000Z,1,6.47,2.62,1.85,4.55,1.538,130
2021-05-09T00:00:00.000Z,0.95,9.75,3.4,1.75,5.13,2.405,139
2021-05-08T00:00:00.000Z,2.65,36.85,10.4,4.82,15.63,7.503,123
2021-05-07T00:00:00.000Z,1.8,39.22,7.68,5.35,12.68,5.743,117
2021-05-06T00:00:00.000Z,2,9.1,5.93,4.9,7.53,1.931,112
2021-05-05T00:00:00.000Z,0.6,10.1,3.35,1.55,5.4,2.252,119
2021-05-04T00:00:00.000Z,3.4,21.27,9.91,5.13,12.8,4.673,122
2021-05-03T00:00:00.000Z,4.28,20.39,6.02,5.4,7.97,3.486,122
2021-05-02T00:00:00.000Z,1.83,20.67,4.29,2.84,5.97,2.709,128
2021-05-01T00:00:00.000Z,2.45,9.77,4.88,3.6,7.13,1.925,134
2021-04-30T00:00:00.000Z,0.85,14.9,6.32,2.68,10.07,3.718,101
2021-04-29T00:00:00.000Z,1.98,19.77,7.1,4.38,8.6,3.027,113
2021-04-28T00:00:00.000Z,4.76,14.07,6.55,5.75,7.32,1.407,114
2021-04-27T00:00:00.000Z,1.2,18.2,6.5,5.13,9.1,3.008,123
2021-04-26T00:00:00.000Z,2.42,10.48,3.67,3.03,6.14,2.053,136
2021-04-25T00:00:00.000Z,3.03,38.83,5.34,4.65,6.25,4.259,162
2021-04-24T00:00:00.000Z,1.9,12,3.85,2.99,4.67,1.931,125
2021-04-23T00:00:00.000Z,2.29,16.6,4.43,3.58,6.72,2.549,110
2021-04-22T00:00:00.000Z,3.8,14.32,7.9,6.65,9.82,2.074,115
2021-04-21T00:00:00.000Z,2.4,17.27,6.29,4.04,11.82,4.225,112
2021-04-20T00:00:00.000Z,4.28,18.17,6.76,5.15,8.48,3.835,110
2021-04-19T00:00:00.000Z,1.95,22.3,5.66,4.7,8.69,4.1,126
2021-04-18T00:00:00.000Z,4.5,19.98,9.68,6.45,11.42,3.078,133
2021-04-17T00:00:00.000Z,2.72,26.77,8.3,5.64,13.7,6.106,141
2021-04-16T00:00:00.000Z,3.05,12.85,6,4.88,9.1,2.398,119
2021-04-15T00:00:00.000Z,3.13,21.63,10.68,5.64,12.58,4.286,96
2021-04-14T00:00:00.000Z,2.78,19.5,5,4.4,5.95,2.383,123
2021-04-13T00:00:00.000Z,2.33,11.98,5.03,3.6,7.93,2.362,107
2021-04-12T00:00:00.000Z,1.3,14.23,4.8,3.13,8.38,3.091,66
2021-04-11T00:00:00.000Z,1.25,16.39,6.9,4.84,8.23,3.602,85
2021-04-10T00:00:00.000Z,1.98,42.58,10.3,6.24,12.95,7.032,165
2021-04-09T00:00:00.000Z,7.93,32.79,14.38,11,19.19,5.234,188
2021-04-08T00:00:00.000Z,9.65,39.7,19.14,13.29,24.98,6.754,189
2021-04-07T00:00:00.000Z,10.02,21.35,13.2,11.57,17.5,3.187,163
2021-04-06T00:00:00.000Z,7.93,27.9,12.38,9.98,15.65,4.349,235
2021-04-05T00:00:00.000Z,5.57,38.03,10.16,7.28,16.6,5.84,134
2021-04-04T00:00:00.000Z,2.1,18.57,7.22,5.72,8.35,2.278,191
2021-04-03T00:00:00.000Z,0.4,26.98,4.62,2.5,10.28,5.333,196
2021-04-02T00:00:00.000Z,2.6,19.95,6.53,5.93,9.02,3.945,197
2021-04-01T00:00:00.000Z,5.22,19,9.44,6.4,10.6,3.287,167
2021-03-31T00:00:00.000Z,3.72,17.42,10.25,5.37,12.12,3.534,192
2021-03-30T00:00:00.000Z,3.8,22.88,8.68,5.5,10.52,2.828,213
2021-03-29T00:00:00.000Z,0.3,8.35,1.77,0.7,2.9,1.636,189
2021-03-28T00:00:00.000Z,0.6,77.45,4.13,1.04,5.83,7.563,113
2021-03-27T00:00:00.000Z,2.08,13.65,5.03,4.09,6.6,2.374,151
2021-03-26T00:00:00.000Z,2.27,9.55,5.2,3.63,6.38,1.682,160
2021-03-25T00:00:00.000Z,0.3,14.3,1.02,0.8,1.73,2.268,209
2021-03-24T00:00:00.000Z,0.3,16.52,1.2,0.63,3.08,2.594,171
2021-03-23T00:00:00.000Z,1.3,18.88,3.65,2.71,4.43,2.561,289
2021-03-22T00:00:00.000Z,1.45,14.88,2.85,2.34,3.95,2.5,224
2021-03-21T00:00:00.000Z,0.7,12.7,3.05,1.24,4.72,2.57,205
2021-03-20T00:00:00.000Z,0.2,8.1,2.6,0.4,4.79,2.531,221
2021-03-19T00:00:00.000Z,1,13.1,3.85,2.02,5.9,2.512,215
2021-03-18T00:00:00.000Z,2.67,14.3,4.68,3.42,7.3,2.141,235
2021-03-17T00:00:00.000Z,1.42,13.85,2.7,2,4.05,2.506,241
2021-03-16T00:00:00.000Z,1.8,34.15,11.88,2.64,16.72,8.469,220
2021-03-15T00:00:00.000Z,5.8,21.77,11.3,7.5,13.38,4.459,211
2021-03-14T00:00:00.000Z,2.35,45.75,9.61,8.19,15.05,8.994,238
2021-03-13T00:00:00.000Z,2.88,66.53,10.19,7.84,17.13,8.019,244
2021-03-12T00:00:00.000Z,0.68,11.95,2.54,1.88,4.97,2.166,239
2021-03-11T00:00:00.000Z,0.95,16.1,2.6,1.65,5.9,3.513,195
2021-03-10T00:00:00.000Z,1.5,18.7,4.4,2.29,13.98,5.991,230
2021-03-09T00:00:00.000Z,5.13,23.75,8.39,6.43,13.75,4.88,246
2021-03-08T00:00:00.000Z,1,12.35,4.68,2.09,5.14,1.921,101
2021-03-02T00:00:00.000Z,6.2,13.8,9.86,7.8,12.06,2.708,4
2021-03-01T00:00:00.000Z,0.4,11.32,1.5,0.9,3.92,2.321,231
2021-02-28T00:00:00.000Z,0.4,233.73,2.38,0.8,6.14,26.912,252
2021-02-27T00:00:00.000Z,2.63,49.1,14.25,6.84,23.28,8.687,261
2021-02-26T00:00:00.000Z,6.85,35.97,17.2,14.63,23.02,5.803,223
2021-02-25T00:00:00.000Z,1,65.8,4.17,3.22,7.68,13.296,226
2021-02-24T00:00:00.000Z,0.4,20.58,2.47,0.99,14.35,6.813,229
2021-02-23T00:00:00.000Z,2.2,34.22,6.97,5.68,12.95,7.315,219
2021-02-22T00:00:00.000Z,1.88,16.98,9.75,2.54,13.42,5.34,213
2021-02-21T00:00:00.000Z,3.2,22.73,7.52,5.8,11.75,5.012,252
2021-02-20T00:00:00.000Z,2.22,251.02,7.43,4.25,8.91,23.274,241
2021-02-19T00:00:00.000Z,1.1,22.9,10.47,7.5,12.57,4.18,218
2021-02-18T00:00:00.000Z,7,25.05,15.64,11.32,17.57,4.029,258
2021-02-17T00:00:00.000Z,5.78,14.57,9.11,7.85,11.85,2.302,230
2021-02-16T00:00:00.000Z,3.6,24.08,8.19,5.28,13.85,5.321,227
2021-02-15T00:00:00.000Z,7.55,19.45,11.11,8.88,14.88,3.369,246
2021-02-14T00:00:00.000Z,8.43,100.93,12.05,10.68,19.8,17.605,239
2021-02-13T00:00:00.000Z,2.83,152.32,7.1,6.45,19.17,29.623,255
2021-02-12T00:00:00.000Z,6.07,164.07,10.7,7.53,36.54,33.077,247
2021-02-11T00:00:00.000Z,3.13,85.57,14.13,9.53,19.92,16.32,213
2021-02-10T00:00:00.000Z,1.58,41.6,5.3,3.29,11.96,7.452,236
2021-02-09T00:00:00.000Z,2.4,62.67,6.97,4.2,13.43,8.466,235
2021-02-08T00:00:00.000Z,2.15,197.63,13.13,10.07,22.02,23.138,250
2021-02-07T00:00:00.000Z,0.93,51.25,20.55,2.7,31.73,15.899,235
2021-02-06T00:00:00.000Z,3.78,740.8,9.76,7.9,17.14,76.471,240
2021-02-05T00:00:00.000Z,1.88,45.83,13.52,6.8,19.14,10.581,231
2021-02-04T00:00:00.000Z,2.35,50.35,11.89,5.03,23,12.907,254
2021-02-03T00:00:00.000Z,1.6,70.18,22.42,8.48,36.78,17.851,135
2021-02-02T00:00:00.000Z,1.8,36.97,12.54,4.98,19.3,9.883,232
2021-02-01T00:00:00.000Z,1.08,66.75,10.63,6.03,20.32,15.836,205
2021-01-31T00:00:00.000Z,1.1,53.55,11.43,7,20.23,12.185,257
2021-01-30T00:00:00.000Z,3.88,592.22,29.55,11.32,41.6,76.281,242
2021-01-29T00:00:00.000Z,8.69,31.02,17.75,16.35,20.98,4.296,208
2021-01-28T00:00:00.000Z,11.8,306.55,20.95,16.07,27.45,25.012,267
2021-01-27T00:00:00.000Z,4.25,64.18,8.77,5.68,31.22,14.94,225
2021-01-26T00:00:00.000Z,6.05,72.25,24.89,8.84,32.85,16.004,244
2021-01-25T00:00:00.000Z,3.8,55.25,8.11,6.68,29.97,14.584,240
2021-01-24T00:00:00.000Z,1.17,50.08,8.43,4.1,16.07,12.417,207
2021-01-07T00:00:00.000Z,9.77,97.4,38.92,26.1,59.35,22.87,58
2021-01-06T00:00:00.000Z,3.4,14.45,9.4,5.3,11.82,3.416,76
2021-01-05T00:00:00.000Z,1.65,18.6,5.73,3.92,6.43,2.143,202
2020-12-30T00:00:00.000Z,4.05,7.78,5.7,5.32,6.18,0.712,104
2020-11-20T00:00:00.000Z,6.3,45.03,13.09,10.15,26.58,10.756,58
2020-11-19T00:00:00.000Z,17.2,24.45,20.83,17.2,24.45,3.625,2
2020-11-18T00:00:00.000Z,9.15,34.15,21.08,19.52,23.5,4.066,179
2020-11-17T00:00:00.000Z,4.95,36.2,10.63,6.85,22.45,9.199,301
2020-11-16T00:00:00.000Z,9.38,999.9,22.38,19.45,27.1,60.993,271
2020-11-15T00:00:00.000Z,5.5,43.97,9.97,7.53,23.73,10.854,278
2020-11-14T00:00:00.000Z,8.55,35.7,14.8,11.77,19.48,6.735,315
2020-11-13T00:00:00.000Z,7.55,14.5,9.93,9.32,10.48,1.249,97
2020-09-18T00:00:00.000Z,1.3,22.33,3.76,2.66,4.8,2.356,212
2020-09-17T00:00:00.000Z,1.4,23.83,5.4,3.1,7.5,4.519,155
2020-09-16T00:00:00.000Z,2.7,4.34,3.6,3.05,4.03,0.501,35
2020-09-15T00:00:00.000Z,1.42,36.92,4.7,3.5,9.44,6.423,250
2020-09-14T00:00:00.000Z,2.4,78.4,11.27,5.25,22.85,17.643,295
2020-09-13T00:00:00.000Z,1.9,21.92,9.05,4.88,11.21,3.795,108
2020-09-09T00:00:00.000Z,2.92,366.45,13.6,9.94,17.98,35.255,320
2020-09-08T00:00:00.000Z,2.45,52.45,7.22,5.43,8.4,5.768,326
2020-09-07T00:00:00.000Z,2.2,84.95,8.3,5.96,11.68,9.658,400
2020-09-06T00:00:00.000Z,1.4,30.73,4.5,2.7,6.6,5.009,414
2020-09-05T00:00:00.000Z,3.2,47.75,8.55,5.95,11.29,6.55,417
2020-09-04T00:00:00.000Z,3.97,24.15,6.8,5.79,9.26,3.431,429
2020-09-03T00:00:00.000Z,2.45,21.77,5.82,3.65,9.72,4.769,421
2020-09-02T00:00:00.000Z,1.4,163.87,6.35,3.53,11.12,24.04,415
2020-09-01T00:00:00.000Z,3.4,49.4,9.74,5.47,16.35,9.462,350
2020-08-31T00:00:00.000Z,7,29.1,9.98,8.66,11.87,3.303,172
2020-08-30T00:00:00.000Z,4.59,43.95,6.82,6.2,8.57,6.818,119
2020-08-29T00:00:00.000Z,4.3,12.65,8.47,6.95,9.68,1.884,406
2020-08-28T00:00:00.000Z,2.97,109.4,8.57,6.45,11.34,14.091,389
2020-08-27T00:00:00.000Z,6.25,16.45,9.1,7.87,10.93,2.449,447
2020-08-26T00:00:00.000Z,5,129.32,12.51,9.07,19.95,18.957,382
2020-08-25T00:00:00.000Z,5.4,18.32,11.8,10.25,13.04,2.72,377
2020-08-24T00:00:00.000Z,0,18.25,6.45,0,12.17,6.184,336
2020-08-23T00:00:00.000Z,0,35.38,0,0,0,2.476,249
2020-08-14T00:00:00.000Z,3.33,14.23,5.12,4.3,11.07,3.489,81
2020-08-13T00:00:00.000Z,1.48,11.43,3.84,2.72,7.19,2.818,332
2020-08-12T00:00:00.000Z,3.7,13.73,5.22,4.72,6.03,1.821,131
2020-08-11T00:00:00.000Z,1.17,7.18,4.2,3.48,4.82,1.382,380
2020-08-10T00:00:00.000Z,1.5,10.25,3.65,3,4.44,1.608,344
2020-08-07T00:00:00.000Z,0.9,10.25,1.92,1.2,5.68,2.84,131
2020-08-06T00:00:00.000Z,1.35,7.47,3.8,2.7,4.55,1.325,296
2020-08-05T00:00:00.000Z,1.48,12.48,2.42,2.17,3.3,2.338,372
2020-08-04T00:00:00.000Z,1.92,7.95,3.4,3.05,3.92,1.121,354
2020-08-03T00:00:00.000Z,1.12,5.8,2.67,2.27,3.42,0.929,310
2020-08-02T00:00:00.000Z,1.25,2.92,1.95,1.77,2.1,0.262,287
2020-08-01T00:00:00.000Z,1.5,3.6,2.2,2,2.47,0.365,321
2020-07-31T00:00:00.000Z,1.8,13.2,5.59,4.8,6.28,1.872,316
2020-07-30T00:00:00.000Z,2.5,8.19,4.37,3.96,4.96,1.125,316
2020-07-29T00:00:00.000Z,3.53,11.32,4.7,4.12,5.65,1.879,256
2020-07-28T00:00:00.000Z,4.18,10.5,6,5.47,6.6,1.203,311
2020-07-26T00:00:00.000Z,5.97,29.33,17,13.09,19.35,4.949,141
2020-07-25T00:00:00.000Z,16.45,22.85,18.54,17.16,20.18,1.831,24
